communication_round,Loss,Accuracy,Time
1,1.1580574231691627,45.56,409.82791686058044
2,0.946959056627685,51.55,410.17064213752747
