communication_round,Loss,Accuracy,Time
1,1.1638546998447399,46.65,175.89997935295105
