communication_round,Loss,Accuracy,Time
1,1.2237019939061056,51.16,412.45431423187256
