communication_round,Loss,Accuracy,Time
1,0.8992259785927954,50.27,159.9510474205017
